{
    "data": [
        {
            "groupid": 2428,
            "name": "Druid Aquatic Form",
            "to": [
                {
                    "id": "dralt1",
                    "name": "Alternative Aquatic Form (Variant 1)", 
                    "preview": ""
                    
                },
                {
                    "id": "dralt2",
                    "name": "Alternative Aquatic Form (Variant 2)", 
                    "preview": ""
                    
                },
                {
                    "id": "dralt3",
                    "name": "Alternative Aquatic Form (Variant 3)", 
                    "preview": ""
                    
                },
                {
                    "id": "draltfire",
                    "name": "Fire-style Aquatic Form", 
                    "preview": ""
                    
                },
                {
                    "id": "draltleg1",
                    "name": "Legion Aquatic Form (Variant 1)", 
                    "preview": ""
                    
                },
                {
                    "id": "draltleg2",
                    "name": "Legion Aquatic Form (Variant 2)", 
                    "preview": ""
                    
                },
                {
                    "id": "draltleg3",
                    "name": "Legion Aquatic Form (Variant 3)", 
                    "preview": ""
                    
                },
                {
                    "id": "drmorekul",
                    "name": "Kultiran Aquatic Form", 
                    "preview": ""
                    
                },
                {
                    "id": "drmoretr",
                    "name": "Troll Aquatic Form", 
                    "preview": ""
                    
                },
                {
                    "id": "drold",
                    "name": "Old-style Aquatic Form", 
                    "preview": ""
                    
                },
                {
                    "id": "drspec",
                    "name": "Spectral Aquatic Form", 
                    "preview": ""
                    
                },
                {
                    "id": "drwild",
                    "name": "Wild Aquatic Form", 
                    "preview": ""
                    
                },
                {
                    "id": "drzomb",
                    "name": "Zombie Aquatic Form", 
                    "preview": ""
                    
                }
                
            ]
        },
        {
            "groupid": 918,
            "name": "Druid Travel Form",
            "to": [
                {
                    "id": "dralt1",
                    "name": "Alternative Travel Form (Variant 1)", 
                    "preview": ""
                    
                },
                {
                    "id": "dralt2",
                    "name": "Alternative Travel Form (Variant 2)", 
                    "preview": ""
                    
                },
                {
                    "id": "dralt3",
                    "name": "Alternative Travel Form (Variant 3)", 
                    "preview": ""
                    
                },
                {
                    "id": "draltfire",
                    "name": "Fire-style Travel Form", 
                    "preview": ""
                    
                },
                {
                    "id": "draltleg1",
                    "name": "Legion Travel Form (Variant 1)", 
                    "preview": ""
                    
                },
                {
                    "id": "draltleg2",
                    "name": "Legion Travel Form (Variant 2)", 
                    "preview": ""
                    
                },
                {
                    "id": "draltleg3",
                    "name": "Legion Travel Form (Variant 3)", 
                    "preview": ""
                    
                },
                {
                    "id": "drmorekul",
                    "name": "Kultiran Travel Form", 
                    "preview": ""
                    
                },
                {
                    "id": "drmoretr",
                    "name": "Troll Travel Form", 
                    "preview": ""
                    
                },
                {
                    "id": "drold",
                    "name": "Old-style Travel Form", 
                    "preview": ""
                    
                },
                {
                    "id": "drspec",
                    "name": "Spectral Travel Form", 
                    "preview": ""
                    
                },
                {
                    "id": "drwild",
                    "name": "Wild Travel Form", 
                    "preview": ""
                    
                },
                {
                    "id": "drzomb",
                    "name": "Zombie Travel Form", 
                    "preview": ""
                    
                }
                
            ]
        },
        {
            "groupid": 892,
            "name": "Druid Alliance Cat Form",
            "to": [
                {
                    "id": "dralt1",
                    "name": "Alternative Alliance Cat Form (Variant 1)", 
                    "preview": ""
                    
                },
                {
                    "id": "dralt2",
                    "name": "Alternative Alliance Cat Form (Variant 2)", 
                    "preview": ""
                    
                },
                {
                    "id": "dralt3",
                    "name": "Alternative Alliance Cat Form (Variant 3)", 
                    "preview": ""
                    
                },
                {
                    "id": "draltfire",
                    "name": "Fire-style Alliance Cat Form", 
                    "preview": ""
                    
                },
                {
                    "id": "draltleg1",
                    "name": "Legion Alliance Cat Form (Variant 1)", 
                    "preview": ""
                    
                },
                {
                    "id": "draltleg2",
                    "name": "Legion Alliance Cat Form (Variant 2)", 
                    "preview": ""
                    
                },
                {
                    "id": "draltleg3",
                    "name": "Legion Alliance Cat Form (Variant 3)", 
                    "preview": ""
                    
                },
                {
                    "id": "drmorekul",
                    "name": "Kultiran Alliance Cat Form", 
                    "preview": ""
                    
                },
                {
                    "id": "drmoretr",
                    "name": "Troll Alliance Cat Form", 
                    "preview": ""
                    
                },
                {
                    "id": "drold",
                    "name": "Old-style Alliance Cat Form", 
                    "preview": ""
                    
                },
                {
                    "id": "drspec",
                    "name": "Spectral Alliance Cat Form", 
                    "preview": ""
                    
                },
                {
                    "id": "drwild",
                    "name": "Wild Alliance Cat Form", 
                    "preview": ""
                    
                },
                {
                    "id": "drzomb",
                    "name": "Zombie Alliance Cat Form", 
                    "preview": ""
                    
                }
                
            ]
        },
        {
            "groupid": 25005,
            "name": "Druid Ent Form",
            "to": [
                {
                    "id": "dralt1",
                    "name": "Alternative Ent Form (Variant 1)", 
                    "preview": ""
                    
                },
                {
                    "id": "dralt2",
                    "name": "Alternative Ent Form (Variant 2)", 
                    "preview": ""
                    
                },
                {
                    "id": "dralt3",
                    "name": "Alternative Ent Form (Variant 3)", 
                    "preview": ""
                    
                },
                {
                    "id": "draltfire",
                    "name": "Fire-style Ent Form", 
                    "preview": ""
                    
                },
                {
                    "id": "draltleg1",
                    "name": "Legion Ent Form (Variant 1)", 
                    "preview": ""
                    
                },
                {
                    "id": "draltleg2",
                    "name": "Legion Ent Form (Variant 2)", 
                    "preview": ""
                    
                },
                {
                    "id": "draltleg3",
                    "name": "Legion Ent Form (Variant 3)", 
                    "preview": ""
                    
                },
                {
                    "id": "drmorekul",
                    "name": "Kultiran Ent Form", 
                    "preview": ""
                    
                },
                {
                    "id": "drmoretr",
                    "name": "Troll Ent Form", 
                    "preview": ""
                    
                },
                {
                    "id": "drold",
                    "name": "Old-style Ent Form", 
                    "preview": ""
                    
                },
                {
                    "id": "drspec",
                    "name": "Spectral Ent Form", 
                    "preview": ""
                    
                },
                {
                    "id": "drwild",
                    "name": "Wild Ent Form", 
                    "preview": ""
                    
                },
                {
                    "id": "drzomb",
                    "name": "Zombie Ent Form", 
                    "preview": ""
                    
                }
                
            ]
        },
        {
            "groupid": 20857,
            "name": "Druid Alliance Fly Form",
            "to": [
                {
                    "id": "dralt1",
                    "name": "Alternative Alliance Fly Form (Variant 1)", 
                    "preview": ""
                    
                },
                {
                    "id": "dralt2",
                    "name": "Alternative Alliance Fly Form (Variant 2)", 
                    "preview": ""
                    
                },
                {
                    "id": "dralt3",
                    "name": "Alternative Alliance Fly Form (Variant 3)", 
                    "preview": ""
                    
                },
                {
                    "id": "draltfire",
                    "name": "Fire-style Alliance Fly Form", 
                    "preview": ""
                    
                },
                {
                    "id": "draltleg1",
                    "name": "Legion Alliance Fly Form (Variant 1)", 
                    "preview": ""
                    
                },
                {
                    "id": "draltleg2",
                    "name": "Legion Alliance Fly Form (Variant 2)", 
                    "preview": ""
                    
                },
                {
                    "id": "draltleg3",
                    "name": "Legion Alliance Fly Form (Variant 3)", 
                    "preview": ""
                    
                },
                {
                    "id": "drmorekul",
                    "name": "Kultiran Alliance Fly Form", 
                    "preview": ""
                    
                },
                {
                    "id": "drmoretr",
                    "name": "Troll Alliance Fly Form", 
                    "preview": ""
                    
                },
                {
                    "id": "drold",
                    "name": "Old-style Alliance Fly Form", 
                    "preview": ""
                    
                },
                {
                    "id": "drspec",
                    "name": "Spectral Alliance Fly Form", 
                    "preview": ""
                    
                },
                {
                    "id": "drwild",
                    "name": "Wild Alliance Fly Form", 
                    "preview": ""
                    
                },
                {
                    "id": "drzomb",
                    "name": "Zombie Alliance Fly Form", 
                    "preview": ""
                    
                }
                
            ]
        },
        {
            "groupid": 8571,
            "name": "Druid Horde Cat Form",
            "to": [
                {
                    "id": "dralt1",
                    "name": "Alternative Horde Cat Form (Variant 1)", 
                    "preview": ""
                    
                },
                {
                    "id": "dralt2",
                    "name": "Alternative Horde Cat Form (Variant 2)", 
                    "preview": ""
                    
                },
                {
                    "id": "dralt3",
                    "name": "Alternative Horde Cat Form (Variant 3)", 
                    "preview": ""
                    
                },
                {
                    "id": "draltfire",
                    "name": "Fire-style Horde Cat Form", 
                    "preview": ""
                    
                },
                {
                    "id": "draltleg1",
                    "name": "Legion Horde Cat Form (Variant 1)", 
                    "preview": ""
                    
                },
                {
                    "id": "draltleg2",
                    "name": "Legion Horde Cat Form (Variant 2)", 
                    "preview": ""
                    
                },
                {
                    "id": "draltleg3",
                    "name": "Legion Horde Cat Form (Variant 3)", 
                    "preview": ""
                    
                },
                {
                    "id": "drmorekul",
                    "name": "Kultiran Horde Cat Form", 
                    "preview": ""
                    
                },
                {
                    "id": "drmoretr",
                    "name": "Troll Horde Cat Form", 
                    "preview": ""
                    
                },
                {
                    "id": "drold",
                    "name": "Old-style Horde Cat Form", 
                    "preview": ""
                    
                },
                {
                    "id": "drspec",
                    "name": "Spectral Horde Cat Form", 
                    "preview": ""
                    
                },
                {
                    "id": "drwild",
                    "name": "Wild Horde Cat Form", 
                    "preview": ""
                    
                },
                {
                    "id": "drzomb",
                    "name": "Zombie Horde Cat Form", 
                    "preview": ""
                    
                }
                
            ]
        },
        {
            "groupid": 20872,
            "name": "Druid Horde Fly Form",
            "to": [
                {
                    "id": "dralt1",
                    "name": "Alternative Horde Fly Form (Variant 1)", 
                    "preview": ""
                    
                },
                {
                    "id": "dralt2",
                    "name": "Alternative Horde Fly Form (Variant 2)", 
                    "preview": ""
                    
                },
                {
                    "id": "dralt3",
                    "name": "Alternative Horde Fly Form (Variant 3)", 
                    "preview": ""
                    
                },
                {
                    "id": "draltfire",
                    "name": "Fire-style Horde Fly Form", 
                    "preview": ""
                    
                },
                {
                    "id": "draltleg1",
                    "name": "Legion Horde Fly Form (Variant 1)", 
                    "preview": ""
                    
                },
                {
                    "id": "draltleg2",
                    "name": "Legion Horde Fly Form (Variant 2)", 
                    "preview": ""
                    
                },
                {
                    "id": "draltleg3",
                    "name": "Legion Horde Fly Form (Variant 3)", 
                    "preview": ""
                    
                },
                {
                    "id": "drmorekul",
                    "name": "Kultiran Horde Fly Form", 
                    "preview": ""
                    
                },
                {
                    "id": "drmoretr",
                    "name": "Troll Horde Fly Form", 
                    "preview": ""
                    
                },
                {
                    "id": "drold",
                    "name": "Old-style Horde Fly Form", 
                    "preview": ""
                    
                },
                {
                    "id": "drspec",
                    "name": "Spectral Horde Fly Form", 
                    "preview": ""
                    
                },
                {
                    "id": "drwild",
                    "name": "Wild Horde Fly Form", 
                    "preview": ""
                    
                },
                {
                    "id": "drzomb",
                    "name": "Zombie Horde Fly Form", 
                    "preview": ""
                    
                }
                
            ]
        },
        {
            "groupid": 2281,
            "name": "Druid Alliance Bear Form",
            "to": [
                {
                    "id": "dralt1",
                    "name": "Alternative Alliance Bear Form (Variant 1)", 
                    "preview": ""
                    
                },
                {
                    "id": "dralt2",
                    "name": "Alternative Alliance Bear Form (Variant 2)", 
                    "preview": ""
                    
                },
                {
                    "id": "dralt3",
                    "name": "Alternative Alliance Bear Form (Variant 3)", 
                    "preview": ""
                    
                },
                {
                    "id": "draltfire",
                    "name": "Fire-style Alliance Bear Form", 
                    "preview": ""
                    
                },
                {
                    "id": "draltleg1",
                    "name": "Legion Alliance Bear Form (Variant 1)", 
                    "preview": ""
                    
                },
                {
                    "id": "draltleg2",
                    "name": "Legion Alliance Bear Form (Variant 2)", 
                    "preview": ""
                    
                },
                {
                    "id": "draltleg3",
                    "name": "Legion Alliance Bear Form (Variant 3)", 
                    "preview": ""
                    
                },
                {
                    "id": "drmorekul",
                    "name": "Kultiran Alliance Bear Form", 
                    "preview": ""
                    
                },
                {
                    "id": "drmoretr",
                    "name": "Troll Alliance Bear Form", 
                    "preview": ""
                    
                },
                {
                    "id": "drold",
                    "name": "Old-style Alliance Bear Form", 
                    "preview": ""
                    
                },
                {
                    "id": "drspec",
                    "name": "Spectral Alliance Bear Form", 
                    "preview": ""
                    
                },
                {
                    "id": "drwild",
                    "name": "Wild Alliance Bear Form", 
                    "preview": ""
                    
                },
                {
                    "id": "drzomb",
                    "name": "Zombie Alliance Bear Form", 
                    "preview": ""
                    
                }
                
            ]
        },
        {
            "groupid": 2289,
            "name": "Druid Horde Bear Form",
            "to": [
                {
                    "id": "dralt1",
                    "name": "Alternative Horde Bear Form (Variant 1)", 
                    "preview": ""
                    
                },
                {
                    "id": "dralt2",
                    "name": "Alternative Horde Bear Form (Variant 2)", 
                    "preview": ""
                    
                },
                {
                    "id": "dralt3",
                    "name": "Alternative Horde Bear Form (Variant 3)", 
                    "preview": ""
                    
                },
                {
                    "id": "draltfire",
                    "name": "Fire-style Horde Bear Form", 
                    "preview": ""
                    
                },
                {
                    "id": "draltleg1",
                    "name": "Legion Horde Bear Form (Variant 1)", 
                    "preview": ""
                    
                },
                {
                    "id": "draltleg2",
                    "name": "Legion Horde Bear Form (Variant 2)", 
                    "preview": ""
                    
                },
                {
                    "id": "draltleg3",
                    "name": "Legion Horde Bear Form (Variant 3)", 
                    "preview": ""
                    
                },
                {
                    "id": "drmorekul",
                    "name": "Kultiran Horde Bear Form", 
                    "preview": ""
                    
                },
                {
                    "id": "drmoretr",
                    "name": "Troll Horde Bear Form", 
                    "preview": ""
                    
                },
                {
                    "id": "drold",
                    "name": "Old-style Horde Bear Form", 
                    "preview": ""
                    
                },
                {
                    "id": "drspec",
                    "name": "Spectral Horde Bear Form", 
                    "preview": ""
                    
                },
                {
                    "id": "drwild",
                    "name": "Wild Horde Bear Form", 
                    "preview": ""
                    
                },
                {
                    "id": "drzomb",
                    "name": "Zombie Horde Bear Form", 
                    "preview": ""
                    
                }
                
            ]
        },
        {
            "groupid": 15374,
            "name": "Druid Alliance OwlBear Form",
            "to": [
                {
                    "id": "dralt1",
                    "name": "Alternative Alliance OwlBear Form (Variant 1)", 
                    "preview": ""
                    
                },
                {
                    "id": "dralt2",
                    "name": "Alternative Alliance OwlBear Form (Variant 2)", 
                    "preview": ""
                    
                },
                {
                    "id": "dralt3",
                    "name": "Alternative Alliance OwlBear Form (Variant 3)", 
                    "preview": ""
                    
                },
                {
                    "id": "draltfire",
                    "name": "Fire-style Alliance OwlBear Form", 
                    "preview": ""
                    
                },
                {
                    "id": "draltleg1",
                    "name": "Legion Alliance OwlBear Form (Variant 1)", 
                    "preview": ""
                    
                },
                {
                    "id": "draltleg2",
                    "name": "Legion Alliance OwlBear Form (Variant 2)", 
                    "preview": ""
                    
                },
                {
                    "id": "draltleg3",
                    "name": "Legion Alliance OwlBear Form (Variant 3)", 
                    "preview": ""
                    
                },
                {
                    "id": "drmorekul",
                    "name": "Kultiran Alliance OwlBear Form", 
                    "preview": ""
                    
                },
                {
                    "id": "drmoretr",
                    "name": "Troll Alliance OwlBear Form", 
                    "preview": ""
                    
                },
                {
                    "id": "drold",
                    "name": "Old-style Alliance OwlBear Form", 
                    "preview": ""
                    
                },
                {
                    "id": "drspec",
                    "name": "Spectral Alliance OwlBear Form (Variant 1)", 
                    "preview": ""
                    
                },
                {
                    "id": "drspecowl",
                    "name": "Spectral Alliance OwlBear Form (Variant 2)", 
                    "preview": ""
                    
                },
                {
                    "id": "drwild",
                    "name": "Wild Alliance OwlBear Form", 
                    "preview": ""
                    
                },
                {
                    "id": "drzomb",
                    "name": "Zombie Alliance OwlBear Form", 
                    "preview": ""
                    
                }
                
            ]
        },
        {
            "groupid": 15375,
            "name": "Druid Horde OwlBear Form",
            "to": [
                {
                    "id": "dralt1",
                    "name": "Alternative Horde OwlBear Form (Variant 1)", 
                    "preview": ""
                    
                },
                {
                    "id": "dralt2",
                    "name": "Alternative Horde OwlBear Form (Variant 2)", 
                    "preview": ""
                    
                },
                {
                    "id": "dralt3",
                    "name": "Alternative Horde OwlBear Form (Variant 3)", 
                    "preview": ""
                    
                },
                {
                    "id": "draltfire",
                    "name": "Fire-style Horde OwlBear Form", 
                    "preview": ""
                    
                },
                {
                    "id": "draltleg1",
                    "name": "Legion Horde OwlBear Form (Variant 1)", 
                    "preview": ""
                    
                },
                {
                    "id": "draltleg2",
                    "name": "Legion Horde OwlBear Form (Variant 2)", 
                    "preview": ""
                    
                },
                {
                    "id": "draltleg3",
                    "name": "Legion Horde OwlBear Form (Variant 3)", 
                    "preview": ""
                    
                },
                {
                    "id": "drmorekul",
                    "name": "Kultiran Horde OwlBear Form", 
                    "preview": ""
                    
                },
                {
                    "id": "drmoretr",
                    "name": "Troll Horde OwlBear Form", 
                    "preview": ""
                    
                },
                {
                    "id": "drold",
                    "name": "Old-style Horde OwlBear Form", 
                    "preview": ""
                    
                },
                {
                    "id": "drspec",
                    "name": "Spectral Horde OwlBear Form (Variant 1)", 
                    "preview": ""
                    
                },
                {
                    "id": "drspecowl",
                    "name": "Spectral Horde OwlBear Form (Variant 2)", 
                    "preview": ""
                    
                },
                {
                    "id": "drwild",
                    "name": "Wild Horde OwlBear Form", 
                    "preview": ""
                    
                },
                {
                    "id": "drzomb",
                    "name": "Zombie Horde OwlBear Form", 
                    "preview": ""
                    
                }
                
            ]
        }

    ]
}